{
  "publicPath": "/dist/",
  "all": [
    "1.81fbe596e8bfcb82b862.js",
    "jackeyhandwrite-webfont.90e4b38ff6c8986b0c340665d47db88b.ttf",
    "jackeyhandwrite-webfont.fbf70ef9ec8913ae2dfcebf345e24d2a.woff2",
    "me.27d2fd46e072874ba89130b5459e3c48.svg",
    "back.e4379fff69209bc9692a092ecbb0c028.svg",
    "catchme.cacdacba20db15e368dfeb6f3a738f04.svg",
    "link-bg.6d961232105bf52015e8e0984c210b4d.svg",
    "post-bg.d8ef6ee82392d11c28e8f8fdab397064.svg",
    "sidebar.e568518eb645152d7ccabe510bd53249.svg",
    "title_base.3282b88edd673444ffaae10292c03615.png",
    "app.ea04a5b740eecdb3709c.js",
    "jackeyhandwrite-webfont.15f26718a6020b0a9092ee6d2a2e532e.woff",
    "2.2cf328e008673f87ce5f.js",
    "3.c8e7080cad6207e70604.js",
    "4.aca3180c24ae91769194.js",
    "5.133788fff4f39932874b.js",
    "6.84bc06c05ae95536a994.js",
    "7.5e75a17a132f02edd62b.js",
    "8.f190cc7b99cc9e4d1117.js",
    "9.5f526c311cf6364544ae.js",
    "styles.3d380d8e20fdacd3f74a.js",
    "manifest.f24297aab174db7fa528.js"
  ],
  "initial": [
    "manifest.f24297aab174db7fa528.js",
    "styles.3d380d8e20fdacd3f74a.js",
    "app.ea04a5b740eecdb3709c.js"
  ],
  "async": [
    "1.81fbe596e8bfcb82b862.js",
    "2.2cf328e008673f87ce5f.js",
    "3.c8e7080cad6207e70604.js",
    "4.aca3180c24ae91769194.js",
    "5.133788fff4f39932874b.js",
    "6.84bc06c05ae95536a994.js",
    "7.5e75a17a132f02edd62b.js",
    "8.f190cc7b99cc9e4d1117.js",
    "9.5f526c311cf6364544ae.js"
  ],
  "modules": {
    "34483930": [
      10,
      1,
      11,
      2,
      8
    ],
    "50435494": [
      10,
      1,
      11,
      2,
      8
    ],
    "aec513ce": [
      10,
      1,
      11,
      2,
      8
    ],
    "270ea33c": [
      10,
      1,
      11,
      2,
      8
    ],
    "f4f06b82": [
      10,
      1,
      11,
      2,
      8
    ],
    "7324c374": [
      10,
      1,
      11,
      2,
      8
    ],
    "92412ae2": [
      10,
      1,
      11,
      2,
      8
    ],
    "411e1a1c": [
      10,
      1,
      11,
      2,
      8
    ],
    "6b9bb093": [
      10,
      1,
      11,
      2,
      8
    ],
    "168124c6": [
      10,
      1,
      11,
      2,
      8
    ],
    "38cac13d": [
      10,
      1,
      11,
      2,
      8
    ],
    "23321d54": [
      10,
      1,
      11,
      2,
      8
    ],
    "851b466a": [
      10,
      1,
      11,
      2,
      8
    ],
    "d4b8074c": [
      10,
      1,
      11,
      2,
      8
    ],
    "5f0015b3": [
      10,
      1,
      11,
      2,
      8
    ],
    "1b4c1d27": [
      10,
      1,
      11,
      2,
      8
    ],
    "c358865c": [
      10,
      1,
      11,
      2,
      8
    ],
    "9db473ea": [
      10,
      1,
      11,
      2,
      8
    ],
    "71d6866e": [
      10,
      1,
      11,
      2,
      8
    ],
    "19dddd1c": [
      10,
      1,
      11,
      2,
      8
    ],
    "5f1b41d0": [
      10,
      1,
      11,
      2,
      8
    ],
    "53cd25de": [
      10,
      1,
      11,
      2,
      8
    ],
    "36df47a4": [
      10,
      1,
      11,
      2,
      8
    ],
    "d122320c": [
      10,
      1,
      11,
      2,
      8
    ],
    "a38b0808": [
      10,
      1,
      11,
      2,
      8
    ],
    "3fb7a448": [
      10,
      1,
      11,
      2,
      8
    ],
    "6147cfb8": [
      10,
      1,
      11,
      2,
      8
    ],
    "7d062a0f": [
      20
    ],
    "a2750004": [
      10,
      1,
      11,
      2,
      8
    ],
    "5fef274a": [
      17,
      4,
      9
    ],
    "0b344131": [
      12,
      7
    ],
    "c63cf6fc": [
      10,
      1,
      11,
      2,
      8
    ],
    "6079522f": [
      10,
      1,
      11,
      2,
      8
    ],
    "6a66f69c": [
      10,
      1,
      11,
      2,
      8
    ],
    "61b7e813": [
      10,
      1,
      11,
      2,
      8
    ],
    "9ac629a0": [
      10,
      1,
      11,
      2,
      8
    ],
    "b5601d3c": [
      10,
      1,
      11,
      2,
      8
    ],
    "29aab755": [
      10,
      1,
      11,
      2,
      8
    ],
    "8e1c6b70": [
      10,
      1,
      11,
      2,
      8
    ],
    "51c5561d": [
      10,
      1,
      11,
      2,
      8
    ],
    "489c30c6": [
      12,
      7
    ],
    "24c071e0": [
      10,
      1,
      11,
      2,
      8
    ],
    "7c32f338": [
      16,
      3,
      4,
      9
    ],
    "078d3d23": [
      17,
      4,
      9
    ],
    "26e9e2a4": [
      13,
      4,
      9
    ],
    "1b2278c7": [
      0
    ],
    "f7db177c": [
      19,
      4,
      5
    ],
    "ca3618a0": [
      18,
      4,
      6,
      9
    ],
    "905b73a0": [
      10,
      1,
      11,
      2,
      8
    ],
    "dcf52662": [
      12,
      7
    ],
    "7dbc59f0": [
      10,
      1,
      11,
      2,
      8
    ],
    "682d6234": [
      15,
      4
    ],
    "dc9a11ec": [
      14,
      4,
      9
    ],
    "70f5070a": [
      10,
      1,
      11,
      2,
      8
    ],
    "48f94a35": [
      10,
      1,
      11,
      2,
      8
    ],
    "dbb49528": [
      10,
      1,
      11,
      2,
      8
    ],
    "1ec96a27": [
      20
    ],
    "0bc924aa": [
      10,
      1,
      11,
      2,
      8
    ],
    "532c55a2": [
      10,
      1,
      11,
      2,
      8
    ],
    "a65d81ba": [
      10,
      1,
      11,
      2,
      8
    ],
    "376f9827": [
      10,
      1,
      11,
      2,
      8
    ],
    "5c35b25f": [
      10,
      1,
      11,
      2,
      8
    ],
    "154f4390": [
      10,
      1,
      11,
      2,
      8
    ],
    "dfb5a64e": [
      10,
      1,
      11,
      2,
      8
    ],
    "835a204e": [
      10,
      1,
      11,
      2,
      8
    ],
    "6d133362": [
      17,
      4,
      9
    ],
    "2be33b49": [
      12,
      7
    ],
    "013bc2cc": [
      10,
      1,
      11,
      2,
      8
    ],
    "7ffdadd2": [
      10,
      1,
      11,
      2,
      8
    ],
    "7f7130f8": [
      10,
      1,
      11,
      2,
      8
    ],
    "2a01a7aa": [
      10,
      1,
      11,
      2,
      8
    ],
    "f961bd70": [
      10,
      1,
      11,
      2,
      8
    ],
    "2e97357a": [
      10,
      1,
      11,
      2,
      8
    ],
    "0b462526": [
      10,
      1,
      11,
      2,
      8
    ],
    "6ef92f05": [
      10,
      1,
      11,
      2,
      8
    ],
    "1c283fae": [
      12,
      7
    ],
    "e8d4d5b0": [
      10,
      1,
      11,
      2,
      8
    ],
    "17c6f74c": [
      16,
      3,
      4,
      9
    ],
    "cdff798a": [
      17,
      4,
      9
    ],
    "7850c0e8": [
      13,
      4,
      9
    ],
    "3562e642": [
      0
    ],
    "2100312a": [
      19,
      4,
      5
    ],
    "0f0702d0": [
      18,
      4,
      6,
      9
    ],
    "54c00318": [
      10,
      1,
      11,
      2,
      8
    ],
    "1099ce32": [
      12,
      7
    ],
    "1aaa16d8": [
      10,
      1,
      11,
      2,
      8
    ],
    "38f85dc8": [
      15,
      4
    ],
    "63ffc81c": [
      14,
      4,
      9
    ],
    "93b436a6": [
      10,
      1,
      11,
      2,
      8
    ],
    "49e1dcfb": [
      10,
      1,
      11,
      2,
      8
    ],
    "142d1730": [
      10,
      1,
      11,
      2,
      8
    ],
    "e8ee4616": [
      10,
      1,
      11,
      2,
      8
    ],
    "94dd72e6": [
      10,
      1,
      11,
      2,
      8
    ],
    "3dcef28a": [
      10,
      1,
      11,
      2,
      8
    ],
    "ec6b681c": [
      10,
      1,
      11,
      2,
      8
    ],
    "58dd12e6": [
      10,
      1,
      11,
      2,
      8
    ],
    "03086e70": [
      10,
      1,
      11,
      2,
      8
    ],
    "5e06aa4e": [
      10,
      1,
      11,
      2,
      8
    ],
    "62ce9fa4": [
      10,
      1,
      11,
      2,
      8
    ],
    "775ef632": [
      10,
      1,
      11,
      2,
      8
    ],